datetime,score_combined_pct,score_x_pct,score_reddit_pct,score_bitcointalk_pct
2024-04-18T02:00:00Z,50,50,50,50
2024-04-19T02:00:00Z,100,100,100,100
2024-04-20T02:00:00Z,67,100,67,100
2024-04-21T02:00:00Z,75,100,75,100
2024-04-22T02:00:00Z,40,80,40,100
2024-04-23T02:00:00Z,33,83,33,100
2024-04-24T02:00:00Z,29,43,43,100
2024-04-25T02:00:00Z,75,88,88,100
2024-04-26T02:00:00Z,100,100,89,100
2024-04-27T02:00:00Z,60,20,80,100
2024-04-28T02:00:00Z,18,27,18,100
2024-04-29T02:00:00Z,25,33,33,100
2024-04-30T02:00:00Z,15,38,15,100
2024-05-01T02:00:00Z,57,43,64,100
2024-05-02T02:00:00Z,80,100,53,100
2024-05-03T02:00:00Z,94,100,69,100
2024-05-04T02:00:00Z,82,100,18,100
2024-05-05T02:00:00Z,78,83,78,100
2024-05-06T02:00:00Z,53,63,53,100
2024-05-07T02:00:00Z,50,60,55,100
2024-05-08T02:00:00Z,57,86,43,100
2024-05-09T02:00:00Z,27,32,50,100
2024-05-10T02:00:00Z,57,57,65,100
2024-05-11T02:00:00Z,67,67,83,100
2024-05-12T02:00:00Z,64,72,52,100
2024-05-13T02:00:00Z,46,73,38,100
2024-05-14T02:00:00Z,37,63,37,100
2024-05-15T02:00:00Z,100,64,54,100
2024-05-16T02:00:00Z,100,90,76,100
2024-05-17T02:00:00Z,93,27,63,100
2024-05-18T02:00:00Z,90,29,45,97
2024-05-19T02:00:00Z,91,31,38,100
2024-05-20T02:00:00Z,64,33,36,85
2024-05-21T02:00:00Z,18,35,44,82
2024-05-22T02:00:00Z,29,37,71,83
2024-05-23T02:00:00Z,92,100,72,83
2024-05-24T02:00:00Z,76,100,11,84
2024-05-25T02:00:00Z,71,92,16,84
2024-05-26T02:00:00Z,13,36,41,85
2024-05-27T02:00:00Z,55,38,95,85
2024-05-28T02:00:00Z,37,39,90,85
2024-05-29T02:00:00Z,98,90,98,86
2024-05-30T02:00:00Z,91,91,88,86
2024-05-31T02:00:00Z,77,84,73,86
2024-06-01T02:00:00Z,60,80,44,87
2024-06-02T02:00:00Z,67,67,87,87
2024-06-03T02:00:00Z,66,79,81,87
2024-06-04T02:00:00Z,21,35,52,88
2024-06-05T02:00:00Z,8,37,12,88
2024-06-06T02:00:00Z,68,82,56,88
2024-06-07T02:00:00Z,39,59,41,88
2024-06-08T02:00:00Z,44,60,54,88
2024-06-09T02:00:00Z,11,36,25,89
2024-06-10T02:00:00Z,24,61,4,89
2024-06-11T02:00:00Z,45,80,18,89
2024-06-12T02:00:00Z,55,84,23,89
2024-06-13T02:00:00Z,18,35,42,89
2024-06-14T02:00:00Z,10,36,22,90
2024-06-15T02:00:00Z,12,37,25,90
2024-06-16T02:00:00Z,17,38,40,90
2024-06-17T02:00:00Z,31,39,67,90
2024-06-18T02:00:00Z,3,40,5,90
2024-06-19T02:00:00Z,6,41,11,90
2024-06-20T02:00:00Z,3,42,5,91
2024-06-21T02:00:00Z,15,43,28,91
2024-06-22T02:00:00Z,12,44,20,91
2024-06-23T02:00:00Z,3,45,4,91
2024-06-24T02:00:00Z,62,82,47,91
2024-06-25T02:00:00Z,70,90,42,91
2024-06-26T02:00:00Z,60,81,47,91
2024-06-27T02:00:00Z,83,100,6,92
2024-06-28T02:00:00Z,51,78,28,92
2024-06-29T02:00:00Z,64,81,62,92
2024-06-30T02:00:00Z,49,43,80,92
2024-07-01T02:00:00Z,71,77,80,92
2024-07-02T02:00:00Z,87,93,75,92
2024-07-03T02:00:00Z,19,40,42,92
2024-07-04T02:00:00Z,72,95,3,92
2024-07-05T02:00:00Z,49,84,1,92
2024-07-06T02:00:00Z,48,84,1,92
2024-07-07T02:00:00Z,1,40,4,93
2024-07-08T02:00:00Z,59,88,5,93
2024-07-09T02:00:00Z,90,100,16,93
2024-07-10T02:00:00Z,94,100,52,93
2024-07-11T02:00:00Z,33,39,74,93
2024-07-12T02:00:00Z,36,40,80,93
2024-07-13T02:00:00Z,38,40,80,93
2024-07-14T02:00:00Z,17,41,35,93
2024-07-15T02:00:00Z,35,58,27,93
2024-07-16T02:00:00Z,40,59,36,93
2024-07-17T02:00:00Z,49,58,54,93
2024-07-18T02:00:00Z,83,77,92,93
2024-07-19T02:00:00Z,95,63,99,94
2024-07-20T02:00:00Z,98,78,100,94
2024-07-21T02:00:00Z,98,62,100,94
2024-07-22T02:00:00Z,41,39,89,94
2024-07-23T02:00:00Z,30,39,69,94
2024-07-24T02:00:00Z,85,94,59,94
2024-07-25T02:00:00Z,76,87,52,94
2024-07-26T02:00:00Z,71,82,63,94
2024-07-27T02:00:00Z,77,94,34,94
2024-07-28T02:00:00Z,25,38,61,94
2024-07-29T02:00:00Z,28,39,66,94
2024-07-30T02:00:00Z,48,39,90,94
2024-07-31T02:00:00Z,49,40,78,94
2024-08-01T02:00:00Z,37,41,71,94
2024-08-02T02:00:00Z,21,41,49,93
2024-08-03T02:00:00Z,14,42,30,93
2024-08-04T02:00:00Z,31,42,70,93
2024-08-05T02:00:00Z,30,43,67,93
2024-08-06T02:00:00Z,64,43,95,93
2024-08-07T02:00:00Z,16,44,38,93
2024-08-08T02:00:00Z,54,44,90,93
2024-08-09T02:00:00Z,34,45,74,93
2024-08-10T02:00:00Z,29,51,33,93
2024-08-11T02:00:00Z,22,52,11,93
2024-08-12T02:00:00Z,33,60,15,93
2024-08-13T02:00:00Z,80,84,75,93
2024-08-14T02:00:00Z,87,84,91,93
2024-08-15T02:00:00Z,38,43,77,93
2024-08-16T02:00:00Z,33,44,68,93
2024-08-17T02:00:00Z,2,44,7,93
2024-08-18T02:00:00Z,43,45,45,95
2024-08-19T02:00:00Z,83,66,90,94
2024-08-20T02:00:00Z,100,60,100,94
2024-08-21T02:00:00Z,87,46,89,95
2024-08-22T02:00:00Z,43,61,40,91
2024-08-23T02:00:00Z,59,75,35,91
2024-08-24T02:00:00Z,18,43,43,91
2024-08-25T02:00:00Z,96,100,68,91
2024-08-26T02:00:00Z,57,66,45,91
2024-08-27T02:00:00Z,61,79,39,91
2024-08-28T02:00:00Z,93,100,47,91
2024-08-29T02:00:00Z,60,43,94,91
2024-08-30T02:00:00Z,10,43,23,91
2024-08-31T02:00:00Z,60,85,12,91
2024-09-01T02:00:00Z,35,65,5,91
2024-09-02T02:00:00Z,90,100,17,91
2024-09-03T02:00:00Z,22,42,55,91
2024-09-04T02:00:00Z,32,43,69,91
2024-09-05T02:00:00Z,78,43,97,91
2024-09-06T02:00:00Z,74,44,89,95
2024-09-07T02:00:00Z,62,44,80,94
2024-09-08T02:00:00Z,99,97,74,94
2024-09-09T02:00:00Z,94,88,94,90
2024-09-10T02:00:00Z,100,95,99,90
2024-09-11T02:00:00Z,89,44,99,90
2024-09-12T02:00:00Z,100,44,100,90
2024-09-13T02:00:00Z,95,44,99,90
2024-09-14T02:00:00Z,96,45,99,90
2024-09-15T02:00:00Z,66,45,92,90
2024-09-16T02:00:00Z,99,45,99,93
2024-09-17T02:00:00Z,93,66,95,91
2024-09-18T02:00:00Z,90,84,88,91
2024-09-19T02:00:00Z,67,84,54,88
2024-09-20T02:00:00Z,59,45,41,96
2024-09-21T02:00:00Z,57,45,38,96
2024-09-22T02:00:00Z,46,46,34,94
2024-09-23T02:00:00Z,50,46,86,87
2024-09-24T02:00:00Z,97,46,99,87
2024-09-25T02:00:00Z,99,47,99,87
2024-09-26T02:00:00Z,99,47,99,87
2024-09-27T02:00:00Z,98,47,98,87
2024-09-28T02:00:00Z,71,48,90,87
2024-09-29T02:00:00Z,59,48,87,87
2024-09-30T02:00:00Z,19,48,48,87
2024-10-01T02:00:00Z,20,49,49,87
2024-10-02T02:00:00Z,12,49,32,88
2024-10-03T02:00:00Z,80,79,84,88
2024-10-04T02:00:00Z,71,68,83,88
2024-10-05T02:00:00Z,64,54,86,88
2024-10-06T02:00:00Z,69,61,84,88
2024-10-07T02:00:00Z,89,63,94,88
2024-10-08T02:00:00Z,1,48,1,88
2024-10-09T02:00:00Z,1,48,1,88
2024-10-10T02:00:00Z,2,48,2,88
2024-10-11T02:00:00Z,93,49,96,88
2024-10-12T02:00:00Z,88,49,94,88
2024-10-13T02:00:00Z,7,49,14,88
2024-10-14T02:00:00Z,17,56,7,88
2024-10-15T02:00:00Z,13,50,9,88
2024-10-16T02:00:00Z,36,56,49,88
2024-10-17T02:00:00Z,94,49,97,89
2024-10-18T02:00:00Z,52,57,72,89
2024-10-19T02:00:00Z,76,57,88,89
2024-10-20T02:00:00Z,58,57,78,89
2024-10-21T02:00:00Z,29,81,2,89
2024-10-22T02:00:00Z,30,81,3,89
2024-10-23T02:00:00Z,73,76,79,89
2024-10-24T02:00:00Z,45,47,76,89
2024-10-25T02:00:00Z,35,48,67,89
2024-10-26T02:00:00Z,24,48,55,89
2024-10-27T02:00:00Z,23,48,51,89
2024-10-28T01:00:00Z,21,48,47,89
2024-10-29T01:00:00Z,25,49,53,89
2024-10-30T01:00:00Z,26,49,56,89
2024-10-31T01:00:00Z,22,49,49,89
2024-11-01T01:00:00Z,50,49,79,89
2024-11-02T01:00:00Z,47,50,76,89
2024-11-03T01:00:00Z,2,50,3,90
2024-11-04T01:00:00Z,38,50,69,90
2024-11-05T01:00:00Z,39,50,71,90
2024-11-06T01:00:00Z,24,51,51,90
2024-11-07T01:00:00Z,62,51,87,90
2024-11-08T01:00:00Z,78,51,92,90
2024-11-09T01:00:00Z,78,51,92,90
2024-11-10T01:00:00Z,34,52,63,90
2024-11-11T01:00:00Z,35,52,64,90
2024-11-12T01:00:00Z,62,52,87,90
2024-11-13T01:00:00Z,80,52,93,90
2024-11-14T01:00:00Z,99,53,99,90
2024-11-15T01:00:00Z,85,53,94,90
2024-11-16T01:00:00Z,94,53,97,90
2024-11-17T01:00:00Z,93,53,95,90
2024-11-18T01:00:00Z,49,53,75,90
2024-11-19T01:00:00Z,33,54,61,90
2024-11-20T01:00:00Z,21,54,46,90
2024-11-21T01:00:00Z,37,54,65,90
2024-11-22T01:00:00Z,30,54,56,90
2024-11-23T01:00:00Z,54,55,80,90
2024-11-24T01:00:00Z,38,55,65,90
2024-11-25T01:00:00Z,54,55,80,91
2024-11-26T01:00:00Z,19,55,42,91
2024-11-27T01:00:00Z,47,55,74,91
2024-11-28T01:00:00Z,20,56,43,91
2024-11-29T01:00:00Z,97,56,97,91
2024-11-30T01:00:00Z,96,56,97,91
2024-12-01T01:00:00Z,99,56,100,91
2024-12-02T01:00:00Z,98,56,98,91
2024-12-03T01:00:00Z,83,57,91,91
2024-12-04T01:00:00Z,61,57,84,91
2024-12-05T01:00:00Z,50,57,74,91
2024-12-06T01:00:00Z,33,57,59,91
2024-12-07T01:00:00Z,76,57,88,91
2024-12-08T01:00:00Z,88,57,92,91
2024-12-09T01:00:00Z,98,58,98,91
2024-12-10T01:00:00Z,64,58,84,91
2024-12-11T01:00:00Z,82,58,89,91
2024-12-12T01:00:00Z,96,58,96,91
2024-12-13T01:00:00Z,2,58,3,91
2024-12-14T01:00:00Z,100,59,100,91
2024-12-15T01:00:00Z,79,59,88,91
2024-12-16T01:00:00Z,19,59,41,91
2024-12-17T01:00:00Z,13,59,29,91
2024-12-18T01:00:00Z,16,59,35,91
2024-12-19T01:00:00Z,95,59,79,100
2024-12-20T01:00:00Z,75,60,66,97
2024-12-21T01:00:00Z,46,60,62,92
2024-12-22T01:00:00Z,37,60,61,90
2024-12-23T01:00:00Z,2,60,3,90
2024-12-24T01:00:00Z,93,60,94,90
2024-12-25T01:00:00Z,61,60,82,90
2024-12-26T01:00:00Z,33,60,57,91
2024-12-27T01:00:00Z,53,61,77,91
2024-12-28T01:00:00Z,89,61,92,91
2024-12-29T01:00:00Z,3,61,4,91
2024-12-30T01:00:00Z,3,61,4,91
2024-12-31T01:00:00Z,3,61,4,91
2025-01-01T01:00:00Z,4,61,5,91
2025-01-02T01:00:00Z,4,62,5,91
2025-01-03T01:00:00Z,5,68,5,91
2025-01-04T01:00:00Z,5,63,6,91
2025-01-05T01:00:00Z,62,63,79,91
2025-01-06T01:00:00Z,25,61,47,91
2025-01-07T01:00:00Z,32,61,55,91
2025-01-08T01:00:00Z,82,61,89,91
2025-01-09T01:00:00Z,84,61,91,91
2025-01-10T01:00:00Z,4,62,6,91
2025-01-11T01:00:00Z,5,62,6,91
2025-01-12T01:00:00Z,5,62,7,91
2025-01-13T01:00:00Z,98,62,98,91
2025-01-14T01:00:00Z,98,62,98,91
2025-01-15T01:00:00Z,51,62,74,91
2025-01-16T01:00:00Z,70,62,84,91
2025-01-17T01:00:00Z,61,63,81,91
2025-01-18T01:00:00Z,79,63,88,91
2025-01-19T01:00:00Z,71,63,84,91
2025-01-20T01:00:00Z,27,63,47,91
2025-01-21T01:00:00Z,50,63,71,91
2025-01-22T01:00:00Z,55,63,77,91
2025-01-23T01:00:00Z,96,63,96,91
2025-01-24T01:00:00Z,48,63,68,91
2025-01-25T01:00:00Z,32,64,53,92
2025-01-26T01:00:00Z,46,64,67,92
2025-01-27T01:00:00Z,5,64,7,92
2025-01-28T01:00:00Z,6,66,7,92
2025-01-29T01:00:00Z,94,66,94,92
2025-01-30T01:00:00Z,61,64,80,92
2025-01-31T01:00:00Z,54,64,75,92
2025-02-01T01:00:00Z,68,64,81,93
2025-02-02T01:00:00Z,7,64,7,95
2025-02-03T01:00:00Z,62,64,72,95
2025-02-04T01:00:00Z,9,64,12,91
2025-02-05T01:00:00Z,10,64,16,91
2025-02-06T01:00:00Z,15,64,24,91
2025-02-07T01:00:00Z,89,65,92,91
2025-02-08T01:00:00Z,89,65,92,91
2025-02-09T01:00:00Z,94,65,95,91
2025-02-10T01:00:00Z,91,65,93,91
2025-02-11T01:00:00Z,5,65,7,91
2025-02-12T01:00:00Z,6,65,8,91
2025-02-13T01:00:00Z,6,65,8,91
2025-02-14T01:00:00Z,6,65,8,91
2025-02-15T01:00:00Z,7,65,9,91
2025-02-16T01:00:00Z,7,66,9,91
2025-02-17T01:00:00Z,7,66,9,91
2025-02-18T01:00:00Z,7,66,9,91
2025-02-19T01:00:00Z,8,66,10,91
2025-02-20T01:00:00Z,8,66,10,91
2025-02-21T01:00:00Z,50,50,50,50
2025-02-22T01:00:00Z,50,50,50,50
2025-02-23T01:00:00Z,100,100,100,100
2025-02-24T01:00:00Z,100,100,100,100
2025-02-25T01:00:00Z,50,50,50,50
2025-02-26T01:00:00Z,50,50,50,50
2025-02-27T01:00:00Z,50,50,50,50
2025-02-28T01:00:00Z,50,50,50,50
2025-03-01T01:00:00Z,50,50,50,50
2025-03-02T01:00:00Z,50,50,50,50
2025-03-03T01:00:00Z,50,50,50,50
2025-03-04T01:00:00Z,50,50,50,50
2025-03-05T01:00:00Z,50,50,50,50
2025-03-06T01:00:00Z,50,50,50,50
2025-03-07T01:00:00Z,50,50,50,50
2025-03-08T01:00:00Z,50,50,50,50
2025-03-09T01:00:00Z,50,50,50,50
2025-03-10T01:00:00Z,50,50,50,50
2025-03-11T01:00:00Z,50,50,50,50
2025-03-12T01:00:00Z,50,50,50,50
2025-03-13T01:00:00Z,50,50,50,50
2025-03-14T01:00:00Z,50,50,50,50
2025-03-15T01:00:00Z,50,50,50,50
2025-03-16T01:00:00Z,50,50,50,50
2025-03-17T01:00:00Z,50,50,50,50
2025-03-18T01:00:00Z,50,50,50,50
2025-03-19T01:00:00Z,100,100,100,100
2025-03-20T01:00:00Z,100,100,100,100
2025-03-21T01:00:00Z,75,100,75,100
2025-03-22T01:00:00Z,60,100,60,100
2025-03-23T01:00:00Z,67,100,67,100
2025-03-24T01:00:00Z,71,100,71,100
2025-03-25T01:00:00Z,62,100,75,50
2025-03-26T01:00:00Z,100,100,100,56
2025-03-27T01:00:00Z,90,100,90,60
2025-03-28T01:00:00Z,27,100,27,64
2025-03-29T01:00:00Z,83,100,83,67
2025-03-30T01:00:00Z,92,100,92,92
2025-03-31T02:00:00Z,36,100,43,64
2025-04-01T02:00:00Z,53,100,60,67
2025-04-02T02:00:00Z,38,100,44,69
2025-04-03T02:00:00Z,41,100,47,71
2025-04-04T02:00:00Z,22,100,22,72
2025-04-05T02:00:00Z,21,100,21,95
2025-04-06T02:00:00Z,25,100,20,95
2025-04-07T02:00:00Z,33,100,29,95
2025-04-08T02:00:00Z,23,100,27,64
2025-04-09T02:00:00Z,35,100,39,65
2025-04-10T02:00:00Z,25,100,33,67
2025-04-11T02:00:00Z,28,100,36,68
2025-04-12T02:00:00Z,31,100,38,69
2025-04-13T02:00:00Z,33,100,41,70
2025-04-14T02:00:00Z,14,100,14,71
2025-04-15T02:00:00Z,17,100,17,72
2025-04-16T02:00:00Z,20,100,20,73
2025-04-17T02:00:00Z,23,100,23,74
2025-04-18T02:00:00Z,53,100,56,75
2025-04-19T02:00:00Z,55,100,58,76
2025-04-20T02:00:00Z,59,100,59,76
2025-04-21T02:00:00Z,23,100,23,77
2025-04-22T02:00:00Z,25,100,25,78
2025-04-23T02:00:00Z,27,100,27,78
2025-04-24T02:00:00Z,58,100,61,79
2025-04-25T02:00:00Z,74,100,77,79
2025-04-26T02:00:00Z,62,100,62,80
2025-04-27T02:00:00Z,76,100,78,80
2025-04-28T02:00:00Z,45,100,48,81
2025-04-29T02:00:00Z,40,100,44,81
2025-04-30T02:00:00Z,57,100,59,82
2025-05-01T02:00:00Z,62,100,62,82
2025-05-02T02:00:00Z,63,100,63,83
2025-05-03T02:00:00Z,23,100,23,83
2025-05-04T02:00:00Z,46,100,48,83
2025-05-05T02:00:00Z,57,100,59,84
2025-05-06T02:00:00Z,46,100,48,84
2025-05-07T02:00:00Z,82,100,82,84
2025-05-08T02:00:00Z,65,100,65,85
2025-05-09T02:00:00Z,45,100,47,85
2025-05-10T02:00:00Z,83,100,83,85
2025-05-11T02:00:00Z,91,100,91,85
2025-05-12T02:00:00Z,21,100,21,86
2025-05-13T02:00:00Z,23,100,23,86
2025-05-14T02:00:00Z,66,100,66,86
2025-05-15T02:00:00Z,83,100,83,86
2025-05-16T02:00:00Z,45,100,47,87
2025-05-17T02:00:00Z,84,100,84,87
2025-05-18T02:00:00Z,74,100,76,87
2025-05-19T02:00:00Z,75,100,76,87
2025-05-20T02:00:00Z,75,100,77,88
2025-05-21T02:00:00Z,63,100,65,88
2025-05-22T02:00:00Z,21,100,21,88
2025-05-23T02:00:00Z,22,100,24,88
2025-05-24T02:00:00Z,24,100,26,88
2025-05-25T02:00:00Z,23,100,25,88
2025-05-26T02:00:00Z,21,100,21,89
2025-05-27T02:00:00Z,23,100,23,89
2025-05-28T02:00:00Z,24,100,24,89
2025-05-29T02:00:00Z,25,100,25,89
2025-05-30T02:00:00Z,26,100,26,89
2025-05-31T02:00:00Z,27,100,27,89
2025-06-01T02:00:00Z,79,100,80,89
2025-06-02T02:00:00Z,48,100,49,90
2025-06-03T02:00:00Z,58,100,59,90
2025-06-04T02:00:00Z,27,100,27,90
2025-06-05T02:00:00Z,28,100,28,90
2025-06-06T02:00:00Z,28,100,28,90
2025-06-07T02:00:00Z,29,100,29,90
2025-06-08T02:00:00Z,30,100,30,90
2025-06-09T02:00:00Z,31,100,31,90
2025-06-10T02:00:00Z,32,100,32,91
2025-06-11T02:00:00Z,100,100,100,91
2025-06-12T02:00:00Z,100,100,100,91
2025-06-13T02:00:00Z,100,100,100,91
2025-06-14T02:00:00Z,31,100,31,91
2025-06-15T02:00:00Z,32,100,32,91
2025-06-16T02:00:00Z,33,100,33,91
2025-06-17T02:00:00Z,34,100,34,91
2025-06-18T02:00:00Z,34,100,34,91
2025-06-19T02:00:00Z,35,100,35,91
2025-06-20T02:00:00Z,92,100,92,92
2025-06-21T02:00:00Z,88,100,89,92
2025-06-22T02:00:00Z,78,100,79,92
2025-06-23T02:00:00Z,35,100,35,92
2025-06-24T02:00:00Z,61,100,62,92
2025-06-25T02:00:00Z,69,100,70,92
2025-06-26T02:00:00Z,67,100,67,92
2025-06-27T02:00:00Z,34,100,34,92
2025-06-28T02:00:00Z,35,100,35,92
2025-06-29T02:00:00Z,36,100,36,92
2025-06-30T02:00:00Z,36,100,36,92
2025-07-01T02:00:00Z,89,100,90,92
2025-07-02T02:00:00Z,87,100,88,93
2025-07-03T02:00:00Z,69,100,69,93
2025-07-04T02:00:00Z,36,100,36,93
2025-07-05T02:00:00Z,82,100,82,93
2025-07-06T02:00:00Z,78,100,79,93
2025-07-07T02:00:00Z,52,100,53,93
2025-07-08T02:00:00Z,79,100,80,93
2025-07-09T02:00:00Z,89,100,90,93
2025-07-10T02:00:00Z,35,100,35,93
2025-07-11T02:00:00Z,35,100,35,93
2025-07-12T02:00:00Z,36,100,36,93
2025-07-13T02:00:00Z,36,100,36,93
2025-07-14T02:00:00Z,37,100,37,93
2025-07-15T02:00:00Z,38,100,38,93
2025-07-16T02:00:00Z,38,100,38,93
2025-07-17T02:00:00Z,83,100,70,93
2025-07-18T02:00:00Z,83,100,71,93
2025-07-19T02:00:00Z,79,98,71,94
2025-07-20T02:00:00Z,64,98,64,94
2025-07-21T02:00:00Z,51,98,52,94
2025-07-22T02:00:00Z,65,98,65,94
2025-07-23T02:00:00Z,94,98,94,94
2025-07-24T02:00:00Z,96,98,97,94
2025-07-25T02:00:00Z,38,98,40,94
2025-07-26T02:00:00Z,44,98,45,94
2025-07-27T02:00:00Z,37,98,39,94
2025-07-28T02:00:00Z,77,98,80,94
2025-07-29T02:00:00Z,50,98,51,94
2025-07-30T02:00:00Z,35,98,35,94
2025-07-31T02:00:00Z,35,98,35,94
2025-08-01T02:00:00Z,36,98,36,94
2025-08-02T02:00:00Z,36,98,36,94
2025-08-03T02:00:00Z,37,98,37,94
2025-08-04T02:00:00Z,37,98,37,94
2025-08-05T02:00:00Z,46,98,48,94
2025-08-06T02:00:00Z,60,98,61,94
2025-08-07T02:00:00Z,47,98,48,94
2025-08-08T02:00:00Z,37,98,37,94
2025-08-09T02:00:00Z,53,98,54,94
2025-08-10T02:00:00Z,61,98,62,95
2025-08-11T02:00:00Z,80,98,82,95
2025-08-12T02:00:00Z,88,98,89,95
2025-08-13T02:00:00Z,80,98,83,95
2025-08-14T02:00:00Z,69,98,69,95
2025-08-15T02:00:00Z,44,98,46,95
2025-08-16T02:00:00Z,45,98,46,95
2025-08-17T02:00:00Z,39,98,40,95
2025-08-18T02:00:00Z,35,98,35,95
2025-08-19T02:00:00Z,89,98,90,95
2025-08-20T02:00:00Z,92,98,92,95
2025-08-21T02:00:00Z,89,98,89,95
2025-08-22T02:00:00Z,35,98,35,95
2025-08-23T02:00:00Z,79,98,82,95
2025-08-24T02:00:00Z,85,98,85,95
2025-08-25T02:00:00Z,65,98,65,95
2025-08-26T02:00:00Z,63,98,60,95
2025-08-27T02:00:00Z,45,98,46,95
2025-08-28T02:00:00Z,66,98,66,95
2025-08-29T02:00:00Z,89,98,90,95
2025-08-30T02:00:00Z,100,98,100,95
2025-08-31T02:00:00Z,34,98,34,95
2025-09-01T02:00:00Z,95,98,95,95
2025-09-02T02:00:00Z,84,98,84,95
2025-09-03T02:00:00Z,57,98,58,95
2025-09-04T02:00:00Z,58,98,58,95
2025-09-05T02:00:00Z,85,100,81,95
2025-09-06T02:00:00Z,62,98,57,95
2025-09-07T02:00:00Z,57,98,51,95
2025-09-08T02:00:00Z,37,97,38,95
2025-09-09T02:00:00Z,62,97,62,95
2025-09-10T02:00:00Z,76,97,79,95
2025-09-11T02:00:00Z,32,97,32,96
2025-09-12T02:00:00Z,32,97,32,96
2025-09-13T02:00:00Z,58,97,59,96
2025-09-14T02:00:00Z,44,97,45,96
2025-09-15T02:00:00Z,36,97,37,96
2025-09-16T02:00:00Z,32,97,32,96
2025-09-17T02:00:00Z,33,97,33,96
2025-09-18T02:00:00Z,33,97,33,96
2025-09-19T02:00:00Z,33,97,33,96
2025-09-20T02:00:00Z,96,97,96,96
2025-09-21T02:00:00Z,59,97,60,96
2025-09-22T02:00:00Z,39,97,39,96
2025-09-23T02:00:00Z,37,97,38,96
2025-09-24T02:00:00Z,64,97,64,96
2025-09-25T02:00:00Z,33,97,33,96
2025-09-26T02:00:00Z,33,97,33,96
2025-09-27T02:00:00Z,34,97,34,96
2025-09-28T02:00:00Z,51,97,51,96
2025-09-29T02:00:00Z,51,97,52,96
2025-09-30T02:00:00Z,51,97,52,96
2025-10-01T02:00:00Z,33,97,33,96
2025-10-02T02:00:00Z,66,97,66,96
2025-10-03T02:00:00Z,52,97,52,96
2025-10-04T02:00:00Z,58,97,59,96
2025-10-05T02:00:00Z,79,97,81,96
2025-10-06T02:00:00Z,33,97,33,96
2025-10-07T02:00:00Z,33,97,33,96
2025-10-08T02:00:00Z,34,97,34,96
2025-10-09T02:00:00Z,34,97,34,96
2025-10-10T02:00:00Z,34,97,34,96
2025-10-11T02:00:00Z,35,97,35,96
2025-10-12T02:00:00Z,35,97,35,96
2025-10-13T02:00:00Z,35,97,35,96
2025-10-14T02:00:00Z,36,97,36,96
2025-10-15T02:00:00Z,36,97,36,96
2025-10-16T02:00:00Z,36,97,36,96
2025-10-17T02:00:00Z,36,97,36,96
2025-10-18T02:00:00Z,37,97,37,96
2025-10-19T02:00:00Z,37,97,37,96
2025-10-20T02:00:00Z,37,97,37,96
2025-10-21T02:00:00Z,80,97,82,96
2025-10-22T02:00:00Z,89,97,89,96
2025-10-23T02:00:00Z,97,97,98,96
2025-10-24T02:00:00Z,97,97,98,96
2025-10-25T02:00:00Z,91,97,91,96
2025-10-26T02:00:00Z,71,97,71,96
2025-10-27T01:00:00Z,37,97,37,96
2025-10-28T01:00:00Z,97,97,98,96
2025-10-29T01:00:00Z,100,97,100,96
2025-10-30T01:00:00Z,97,97,97,96
2025-10-31T01:00:00Z,91,97,91,96
2025-11-01T01:00:00Z,41,97,41,97
2025-11-02T01:00:00Z,38,97,39,97
2025-11-03T01:00:00Z,84,97,84,97
2025-11-04T01:00:00Z,36,97,36,97
2025-11-05T01:00:00Z,36,97,36,97
2025-11-06T01:00:00Z,36,97,36,97
2025-11-07T01:00:00Z,37,97,37,97
2025-11-08T01:00:00Z,37,97,37,99
2025-11-09T01:00:00Z,37,97,37,99
2025-11-10T01:00:00Z,37,97,37,99
2025-11-11T01:00:00Z,36,97,38,95
2025-11-12T01:00:00Z,37,98,38,95
2025-11-13T01:00:00Z,37,98,38,95
2025-11-14T01:00:00Z,37,98,38,95
2025-11-15T01:00:00Z,37,98,39,95
2025-11-16T01:00:00Z,60,98,61,95
2025-11-17T01:00:00Z,40,98,40,96
2025-11-18T01:00:00Z,67,98,67,96
2025-11-19T01:00:00Z,91,98,92,96
2025-11-20T01:00:00Z,37,98,38,96
2025-11-21T01:00:00Z,37,98,39,96
2025-11-22T01:00:00Z,68,98,68,96
2025-11-23T01:00:00Z,60,98,61,96
2025-11-24T01:00:00Z,60,98,62,96
2025-11-25T01:00:00Z,37,98,38,96
2025-11-26T01:00:00Z,37,98,39,96
2025-11-27T01:00:00Z,38,98,39,96
2025-11-28T01:00:00Z,38,98,39,96
2025-11-29T01:00:00Z,38,98,39,96
2025-11-30T01:00:00Z,38,98,40,96
2025-12-01T01:00:00Z,39,98,40,96
2025-12-02T01:00:00Z,39,98,40,96
2025-12-03T01:00:00Z,39,98,40,96
2025-12-04T01:00:00Z,39,98,40,96
2025-12-05T01:00:00Z,40,98,41,96
2025-12-06T01:00:00Z,56,98,56,96
2025-12-07T01:00:00Z,41,98,42,96
2025-12-08T01:00:00Z,49,98,50,96
2025-12-09T01:00:00Z,39,98,40,96
2025-12-10T01:00:00Z,40,98,41,96
2025-12-11T01:00:00Z,40,98,41,96
2025-12-12T01:00:00Z,40,98,41,96
2025-12-13T01:00:00Z,40,98,41,96
2025-12-14T01:00:00Z,40,98,42,96
2025-12-15T01:00:00Z,41,98,42,96
2025-12-16T01:00:00Z,41,98,42,96
2025-12-17T01:00:00Z,41,98,42,96
2025-12-18T01:00:00Z,41,98,42,96
2025-12-19T01:00:00Z,64,98,65,96
2025-12-20T01:00:00Z,51,98,52,96
2025-12-21T01:00:00Z,48,98,48,96
2025-12-22T01:00:00Z,64,98,65,96
2025-12-23T01:00:00Z,41,98,42,96
2025-12-24T01:00:00Z,41,98,42,96
2025-12-25T01:00:00Z,41,98,42,96
2025-12-26T01:00:00Z,42,98,43,96
2025-12-27T01:00:00Z,42,98,43,96
2025-12-28T01:00:00Z,42,98,43,96
2025-12-29T01:00:00Z,42,98,43,96
2025-12-30T01:00:00Z,42,98,43,96
2025-12-31T01:00:00Z,43,98,44,96
2026-01-01T01:00:00Z,43,98,44,96
2026-01-02T01:00:00Z,43,98,44,96
2026-01-03T01:00:00Z,43,98,44,96
2026-01-04T01:00:00Z,47,98,44,100
2026-01-05T01:00:00Z,87,98,83,100
2026-01-06T01:00:00Z,76,98,76,96
2026-01-07T01:00:00Z,82,98,76,98
2026-01-08T01:00:00Z,44,98,44,98
2026-01-09T01:00:00Z,43,98,44,95
2026-01-10T01:00:00Z,43,98,44,95
2026-01-11T01:00:00Z,43,98,45,95
2026-01-12T01:00:00Z,43,98,45,95
2026-01-13T01:00:00Z,43,98,45,95
2026-01-14T01:00:00Z,44,98,45,95
2026-01-15T01:00:00Z,44,98,45,95
2026-01-16T01:00:00Z,44,98,46,95
2026-01-17T01:00:00Z,44,98,46,95
2026-01-18T01:00:00Z,44,98,46,95
2026-01-19T01:00:00Z,44,98,46,95
2026-01-20T01:00:00Z,45,98,46,95
2026-01-21T01:00:00Z,61,98,61,95
2026-01-22T01:00:00Z,67,98,68,95
2026-01-23T01:00:00Z,67,98,68,95
2026-01-24T01:00:00Z,44,98,46,95
2026-01-25T01:00:00Z,45,98,46,95
2026-01-26T01:00:00Z,45,98,46,95
2026-01-27T01:00:00Z,45,98,47,95
2026-01-28T01:00:00Z,45,98,47,95
2026-01-29T01:00:00Z,45,98,47,95
2026-01-30T01:00:00Z,45,98,47,95
2026-01-31T01:00:00Z,48,98,48,95
2026-02-01T01:00:00Z,55,100,48,95
2026-02-02T01:00:00Z,49,100,47,95
2026-02-03T01:00:00Z,68,98,69,95
2026-02-04T01:00:00Z,74,98,74,95
2026-02-05T01:00:00Z,45,98,46,95
2026-02-06T01:00:00Z,45,98,47,95
2026-02-07T01:00:00Z,45,98,47,95
2026-02-08T01:00:00Z,84,98,85,95
2026-02-09T01:00:00Z,56,98,56,95
2026-02-10T01:00:00Z,56,98,56,95
2026-02-11T01:00:00Z,45,98,47,95
2026-02-12T01:00:00Z,45,98,47,95
2026-02-13T01:00:00Z,84,98,85,95
2026-02-14T01:00:00Z,88,98,89,95
2026-02-15T01:00:00Z,84,98,85,95
2026-02-16T01:00:00Z,45,98,46,95
2026-02-17T01:00:00Z,45,98,47,95
2026-02-18T01:00:00Z,49,98,50,95
2026-02-19T01:00:00Z,50,98,50,95
2026-02-20T01:00:00Z,50,98,51,95
2026-02-21T01:00:00Z,45,98,46,95
2026-02-22T01:00:00Z,45,98,46,95
2026-02-23T01:00:00Z,45,98,47,95
2026-02-24T01:00:00Z,57,98,57,95
2026-02-25T01:00:00Z,57,98,57,95
2026-02-26T01:00:00Z,57,98,58,95
2026-02-27T01:00:00Z,45,98,46,95
2026-02-28T01:00:00Z,45,98,47,95
2026-03-01T01:00:00Z,45,98,47,95
2026-03-02T01:00:00Z,45,98,47,95
2026-03-03T01:00:00Z,46,98,47,95
2026-03-04T01:00:00Z,58,98,58,95
2026-03-05T01:00:00Z,58,98,58,95
2026-03-06T01:00:00Z,75,98,75,95
2026-03-07T01:00:00Z,45,98,47,95
2026-03-08T01:00:00Z,46,98,47,96
2026-03-09T01:00:00Z,46,98,47,96
