tic,time_idx,actual_scaled,p50_scaled,actual,p10,p50,p90
BNBUSDT,319,-0.5867403892538677,-0.23262342810630798,912.0448714954373,708.3588189704416,960.3063004506882,1339.9750741865519
BNBUSDT,320,-1.3165790239424933,-0.23147526383399963,812.577578817115,708.6098620461712,960.4627799603887,1339.6283384033377
BNBUSDT,321,-0.902400774351272,-0.23209917545318604,869.0245620474032,708.0171521387954,960.3777491101686,1340.4831715946784
BNBUSDT,322,-1.098303479939532,-0.23147282004356384,842.3256304931206,708.608562315,960.4631130165013,1339.62733111168
BNBUSDT,323,-1.0439349640139217,-0.2324030101299286,849.7353356375542,708.1356226350563,960.3363404873841,1340.3249943111355
BNBUSDT,324,-1.1697256691354085,0.012513846158981323,832.5917366447857,774.5111226678039,993.7152484657717,1337.206419338804
BNBUSDT,325,-0.7088773335001138,-0.001777052879333496,895.3992314830251,774.9128858194813,991.7675891206524,1331.2923175767585
BNBUSDT,320,-1.3165790239424933,-0.23142021894454956,833.3461456310396,735.2906340033371,972.8181791369806,1330.3855519165775
BNBUSDT,321,-0.902400774351272,-0.23210236430168152,886.5791677826022,734.7399759351554,972.7305051489268,1331.1945933365068
BNBUSDT,322,-1.098303479939532,-0.23147228360176086,861.4004118329032,735.2972222885156,972.8114874310463,1330.3873292214164
BNBUSDT,323,-1.0439349640139217,-0.23240283131599426,868.3882254505234,734.8509042716505,972.6918870726649,1331.044962654986
BNBUSDT,324,-1.1697256691354085,0.012513965368270874,852.2207434574401,797.4471210489301,1004.1702693297027,1328.103829578521
BNBUSDT,325,-0.7088773335001138,-0.0017769932746887207,911.4521243510455,797.8260240546655,1002.333497556297,1322.5264324918317
BNBUSDT,326,-0.01335236041792529,-0.6832737326622009,1000.8457521805885,791.2143887676867,914.7428742924285,1178.2008526990091
BNBUSDT,321,-0.902400774351272,-0.2320498824119568,895.0447124874336,748.2995050699255,978.3084013352887,1324.720651630286
BNBUSDT,322,-1.098303479939532,-0.23147547245025635,870.7118114371125,748.8457900994397,978.3797482864113,1323.944030776
BNBUSDT,323,-1.0439349640139217,-0.23240217566490173,877.4648765073376,748.413873410793,978.2646433032654,1324.5796012917174
BNBUSDT,324,-1.1697256691354085,0.012513935565948486,861.8405247579319,808.9069965383924,1008.6854559322404,1321.7368580205518
BNBUSDT,325,-0.7088773335001138,-0.0017769932746887207,919.0820871781439,809.2731114524643,1006.9103923548784,1316.3467983473288
BNBUSDT,326,-0.01335236041792529,-0.6832735538482666,1005.4726262838498,802.8836466089672,922.262309906114,1176.8696315476636
BNBUSDT,327,-0.022399122652889257,-0.682716965675354,1004.3489359824415,803.1530281762125,922.3314432286815,1176.4085156917213
BNBUSDT,322,-1.098303479939532,-0.23142051696777344,871.4827812505782,749.9885653853255,978.8226446782379,1323.3031633204828
BNBUSDT,323,-1.0439349640139217,-0.23240533471107483,878.2148423516679,749.5660514926263,978.7007018017686,1323.9393549350484
BNBUSDT,324,-1.1697256691354085,0.01251298189163208,862.6390868172391,809.8703446599675,1009.0271700541193,1321.1051581942236
BNBUSDT,325,-0.7088773335001138,-0.0017771720886230469,919.7026115615457,810.2352322866976,1007.2577233789391,1315.7317155441806
BNBUSDT,326,-0.01335236041792529,-0.6832736134529114,1005.8244513139796,803.865551946393,922.8729355043365,1176.6883922567188
BNBUSDT,327,-0.022399122652889257,-0.6827168464660645,1004.7042560116811,804.1341251813587,922.9418759436829,1176.2286810816831
BNBUSDT,328,-3.4133498633911734,-0.6814287900924683,584.8272888222511,804.2428386672353,923.1013666721141,1175.3068379560946
BNBUSDT,323,-1.0439349640139217,-0.23235231637954712,879.5941535343233,751.66290205841,979.5207150113849,1322.8059882251114
BNBUSDT,324,-1.1697256691354085,0.012506186962127686,864.1061035307849,811.6351133781951,1009.6690533952487,1319.99024577499
BNBUSDT,325,-0.7088773335001138,-0.0017780661582946777,920.848309240447,811.997417961431,1007.9102968450042,1314.6475301329942
BNBUSDT,326,-0.01335236041792529,-0.683273196220398,1006.48520547537,805.663545947018,924.0008327762894,1176.3871459754353
BNBUSDT,327,-0.022399122652889257,-0.6827167868614197,1005.3713178814502,805.9305921950893,924.0693409857471,1175.929935322065
BNBUSDT,328,-3.4133498633911734,-0.6814286708831787,587.8586361505745,806.0387082038446,924.2279409765977,1175.0132242926297
BNBUSDT,329,-2.859999372689939,-0.6793844103813171,655.9902207631743,807.0069379939004,924.4796416793047,1173.8709755778111
BNBUSDT,324,-1.1697256691354085,0.012597352266311646,868.3354966921315,816.710141253553,1011.5265533216159,1316.7705467077017
BNBUSDT,325,-0.7088773335001138,-0.001783907413482666,924.1488056872677,817.0803746709926,1009.7848399895256,1311.501202914603
BNBUSDT,326,-0.01335236041792529,-0.6832718253135681,1008.3837854728752,810.8497435735196,927.249886953891,1175.5049717485942
BNBUSDT,327,-0.022399122652889257,-0.6827163696289062,1007.2881327451084,811.1123459612052,927.3171581521658,1175.054783851909
BNBUSDT,328,-3.4133498633911734,-0.6814286708831787,596.6103308621744,811.2186631849621,927.4731112552379,1174.15300762797
BNBUSDT,329,-2.859999372689939,-0.6793843507766724,663.6265692468548,812.1710714707851,927.7206987172434,1173.0293714396812
BNBUSDT,330,-2.54938708927719,-0.6820034384727478,701.2448006936537,811.4623958535478,927.4035011935399,1174.2372067112062
BNBUSDT,325,-0.7088773335001138,-0.0016933083534240723,903.9854072535265,789.475082008541,995.5742517393866,1318.2257921780063
BNBUSDT,326,-0.01335236041792529,-0.683272123336792,994.0642641429238,782.8258897297045,907.301590210558,1172.7802035162497
BNBUSDT,327,-0.022399122652889257,-0.6827147006988525,992.8925995266779,783.1070346128356,907.3737831525415,1172.2989069436671
BNBUSDT,328,-3.4133498633911734,-0.6814281940460205,553.7236576260619,783.2206659329809,907.5404012513197,1171.3340288208685
BNBUSDT,329,-2.859999372689939,-0.679384171962738,625.3892075209384,784.239148395935,907.8051267174706,1170.1323158541802
BNBUSDT,330,-2.54938708927719,-0.6820034384727478,665.6172374385926,783.4812768954879,907.4659001731457,1171.4239457785486
BNBUSDT,331,-1.699814787798486,-0.6821427345275879,775.6470778093319,783.393119988147,907.4478596571688,1171.5406957843827
BNBUSDT,326,-0.01335236041792529,-0.6831899285316467,971.8029758180546,753.2995754933777,882.0711014048129,1156.671634658399
BNBUSDT,327,-0.022399122652889257,-0.6827154755592346,970.5910656903496,753.5993841383992,882.1346594322544,1156.1603119245678
BNBUSDT,328,-3.4133498633911734,-0.6814264059066772,516.3371084716375,753.7172060294702,882.3073440377161,1155.1625786485665
BNBUSDT,329,-2.859999372689939,-0.6793836355209351,590.4642985573375,754.7706084722206,882.580994881494,1153.919013142808
BNBUSDT,330,-2.54938708927719,-0.6820032596588135,632.0741211967137,753.9866729025975,882.2300683355078,1155.2548176351247
BNBUSDT,331,-1.699814787798486,-0.6821427345275879,745.8833768882565,753.8954878933788,882.2113841917625,1155.3755778872635
BNBUSDT,332,-1.1408694859114352,-0.6820040345191956,820.7600515036243,753.9867048413048,882.2299645347092,1155.254594064174
BNBUSDT,327,-0.022399122652889257,-0.6826345920562744,930.3831875315836,784.1277032768767,870.7719642571199,1055.4637393591577
BNBUSDT,328,-3.4133498633911734,-0.6814272403717041,624.221626866691,784.2127536664335,870.8809734124516,1054.7823890857453
BNBUSDT,329,-2.859999372689939,-0.6793819665908813,674.1824380906514,784.9228953587353,871.0656367297923,1053.9444780724577
BNBUSDT,330,-2.54938708927719,-0.6820026636123657,702.2269449921668,784.3945432234589,870.8290197006836,1054.8444063401905
BNBUSDT,331,-1.699814787798486,-0.6821426153182983,778.9329786698349,784.3330426000816,870.816383765814,1054.9256896282104
BNBUSDT,332,-1.1408694859114352,-0.6820039749145508,829.3989332164913,784.3945216971645,870.8289013060638,1054.8441264983621
BTCUSDT,319,1.2312678767769223,-0.6685689687728882,104740.3571405776,76489.44597475408,85720.51634340838,104923.62234482964
BTCUSDT,320,0.9970521795970678,-0.6714439988136292,102395.55301542673,76425.82128958037,85691.73354882786,105025.46814658823
BTCUSDT,321,1.9916220672732527,-0.6618567705154419,112352.49272294412,76709.22753935905,85787.71418861004,104364.09460439408
BTCUSDT,322,1.776748074633842,-0.6590265035629272,110201.32424706852,76771.89031171295,85816.0488463868,104265.56179269479
BTCUSDT,323,1.5573667573093006,-0.6614139080047607,108005.0315816431,76723.74693311325,85792.14781903884,104347.77311590301
BTCUSDT,324,1.4882271071600308,-0.6595651507377625,107312.85364978993,76752.03385328107,85810.65628673873,104262.99470277491
BTCUSDT,325,1.0709060482695212,-0.6110080480575562,103134.9264135664,77049.09305921197,86296.77611577176,103617.49988274905
BTCUSDT,320,0.9970521795970678,-0.671359121799469,103353.11225425753,76983.18848105615,86393.10457679207,106024.2110517646
BTCUSDT,321,1.9916220672732527,-0.6618586778640747,113463.2768861111,77271.51706678656,86489.68004469303,105352.01511225148
BTCUSDT,322,1.776748074633842,-0.6590250730514526,111279.00460157213,77335.1405058917,86518.48466819129,105251.95388501132
BTCUSDT,323,1.5573667573093006,-0.6614133715629578,109048.91372230135,77286.25141332066,86494.20674520114,105335.38913688774
BTCUSDT,324,1.4882271071600308,-0.6595650315284729,108346.08403254357,77314.97363402558,86512.99579389027,105249.29397131428
BTCUSDT,325,1.0709060482695212,-0.6110079288482666,104103.8636898579,77616.6017882412,87006.59640278236,104593.86336483012
BTCUSDT,326,0.8258757655671202,-0.612450361251831,101613.04174902968,77602.99199747515,86991.93355278956,104673.28753955974
BTCUSDT,321,1.9916220672732527,-0.6617691516876221,118123.60565073189,86192.76578837734,94326.7582435172,110967.82800890409
BTCUSDT,322,1.776748074633842,-0.6590268611907959,116196.51567693544,86249.30750095776,94351.35238102428,110879.1665922233
BTCUSDT,323,1.5573667573093006,-0.6614120006561279,114229.00191753951,86206.17047000071,94329.96134019477,110952.76725359797
BTCUSDT,324,1.4882271071600308,-0.6595646739006042,113608.92535565404,86231.50657983565,94346.52902633105,110876.77389183463
BTCUSDT,325,1.0709060482695212,-0.6110078692436218,109866.19586771826,86497.61805568071,94782.00905006334,110298.50589084199
BTCUSDT,326,0.8258757655671202,-0.612450361251831,107668.65024913463,86485.6117887617,94769.07211036135,110368.57416522643
BTCUSDT,327,0.23127286630397917,-0.6110084652900696,102335.97470527205,86497.62233217826,94782.00370444138,110298.48664660293
BTCUSDT,322,1.776748074633842,-0.6589370965957642,117035.65984748228,92252.42461070663,98958.28359411005,112635.60670352756
BTCUSDT,323,1.5573667573093006,-0.6614137291908264,115407.43684761316,92217.05288310934,98939.90231076886,112696.22676125927
BTCUSDT,324,1.4882271071600308,-0.6595631837844849,114894.29028641622,92238.01544700445,98953.63684673415,112633.327567724
BTCUSDT,325,1.0709060482695212,-0.6110074520111084,111796.9812051235,92458.23340499289,99314.0119243071,112154.75151734496
BTCUSDT,326,0.8258757655671202,-0.6124502420425415,109978.39452314879,92448.29580664444,99303.30370201264,112212.72791910576
BTCUSDT,327,0.23127286630397917,-0.6110085248947144,105565.3199360504,92458.23517450827,99314.0039614879,112154.7267441297
BTCUSDT,328,0.4364832696551289,-0.6106869578361511,107088.36803615122,92468.83103257637,99316.39059535053,112156.41132276712
BTCUSDT,323,1.5573667573093006,-0.661325216293335,116878.96149969607,96055.3545811039,102092.8760738167,114444.80695611364
BTCUSDT,324,1.4882271071600308,-0.6595650315284729,116418.19236834049,96074.47618622542,102104.606517974,114388.05625021596
BTCUSDT,325,1.0709060482695212,-0.6110060214996338,113637.02900713988,96272.21466787186,102428.21956522214,113958.31785759612
BTCUSDT,326,0.8258757655671202,-0.6124497652053833,112004.06745363405,96263.28664434135,102418.59798727429,114010.34953343762
BTCUSDT,327,0.23127286630397917,-0.6110082864761353,108041.44020858008,96272.20990117484,102428.20447068156,113958.2606572318
BTCUSDT,328,0.4364832696551289,-0.6106868982315063,109409.02912598278,96281.72502288909,102430.34630654544,113959.77328908819
BTCUSDT,329,0.6270793451683973,-0.5816437602043152,110679.22340617413,96869.82897971706,102623.89923097791,113574.13319955886
BTCUSDT,324,1.4882271071600308,-0.6594753861427307,117501.14261166537,97649.5120736173,103534.56360998187,115520.43690129158
BTCUSDT,325,1.0709060482695212,-0.6110089421272278,114787.29022464444,97842.75318159035,103849.7424680332,115100.85581204233
BTCUSDT,326,0.8258757655671202,-0.6124484539031982,113193.85034559248,97834.04123812538,103840.3812762454,115151.61268928257
BTCUSDT,327,0.23127286630397917,-0.6110079884529114,109327.12839826268,97842.74387892781,103849.74866980824,115100.75658364195
BTCUSDT,328,0.4364832696551289,-0.6106867790222168,110661.61830983497,97852.02793613875,103851.8375051585,115102.22485387888
BTCUSDT,329,0.6270793451683973,-0.5816437005996704,111901.07077327801,98425.89833487904,104040.70558651775,114725.91742508153
BTCUSDT,330,-1.2161538464523747,-0.5800163745880127,99914.4655197227,98443.97883473965,104051.28814037435,114692.06891222237
BTCUSDT,325,1.0709060482695212,-0.6109023094177246,116329.88656646665,101618.80077683704,106834.72407763761,116602.24593771553
BTCUSDT,326,0.8258757655671202,-0.6124513149261475,114946.49330509502,101611.4149188935,106825.97869417502,116646.22928038628
BTCUSDT,327,0.23127286630397917,-0.6110067367553711,111589.48112292445,101618.96903494584,106834.1345012244,116602.0615268283
BTCUSDT,328,0.4364832696551289,-0.6106864809989929,112748.05909960714,101627.02388712995,106835.94260286148,116603.31471322259
BTCUSDT,329,0.6270793451683973,-0.5816435813903809,113824.12742716634,102125.24691578308,106999.9131585256,116276.60592428315
BTCUSDT,330,-1.2161538464523747,-0.5800164937973022,103417.59176021916,102140.9433782361,107009.09937823322,116247.21863603391
BTCUSDT,331,2.327491729963981,-0.5822557806968689,123424.32463028541,102121.95040291561,106996.45680045478,116284.37541071475
BTCUSDT,326,0.8258757655671202,-0.6123437881469727,115959.71257498825,102262.45353350189,107619.37868273354,117705.73753111994
BTCUSDT,327,0.23127286630397917,-0.6110095381736755,112511.56955652451,102270.40075107751,107627.11608989387,117660.27192521238
BTCUSDT,328,0.4364832696551289,-0.6106850504875183,113701.5987684713,102278.67426359882,107628.99781625441,117661.5411572469
BTCUSDT,329,0.6270793451683973,-0.5816432237625122,114806.87849035309,102790.41672950808,107797.41336247756,117325.94127517834
BTCUSDT,330,-1.2161538464523747,-0.5800163745880127,104117.84271712677,102806.53929460017,107806.84757248577,117295.74931446178
BTCUSDT,331,2.327491729963981,-0.5822557806968689,124667.686603479,102787.02934553796,107793.86110277746,117333.91337965659
BTCUSDT,332,1.5878645589949278,-0.8510343432426453,120378.537880855,101032.72392649674,106235.19577318782,115760.57411009923
BTCUSDT,327,0.23127286630397917,-0.6109029054641724,112768.48588016002,102496.18833902584,107869.8906825156,117932.88197291207
BTCUSDT,328,0.4364832696551289,-0.6106879711151123,113962.11164102952,102504.6699115758,107871.14086852832,117934.07044702511
BTCUSDT,329,0.6270793451683973,-0.5816423296928406,115070.73177888858,103017.95759711684,108040.08759479773,117597.44382191016
BTCUSDT,330,-1.2161538464523747,-0.5800163745880127,104349.39121876375,103034.12334126576,108049.54511677247,117567.13426506716
BTCUSDT,331,2.327491729963981,-0.5822560787200928,124961.34157960353,103014.5530417522,108036.51766540977,117605.40743053803
BTCUSDT,332,1.5878645589949278,-0.8510344624519348,120659.23003803121,101254.94847158589,106473.14272170278,116027.31246527586
BTCUSDT,333,-0.8254408990072819,-0.8420531153678894,106622.0101092285,101305.69784167508,106525.38357826638,116046.55201674279
BTCUSDT,328,0.4364832696551289,-0.6105813384056091,114066.8005110345,102606.9320664391,107975.2521896442,118039.67363893044
BTCUSDT,329,0.6270793451683973,-0.5816503763198853,115175.63868101787,103120.4691152766,108143.56496821849,117702.91977900926
BTCUSDT,330,-1.2161538464523747,-0.5800184011459351,104452.18955676186,103136.64774813855,108153.05937339168,117672.57929416512
BTCUSDT,331,2.327491729963981,-0.5822579264640808,125068.19366619403,103117.07637385168,108140.0304002152,117710.83016508709
BTCUSDT,332,1.5878645589949278,-0.8510353565216064,120765.23602911399,101357.13753255365,106576.35353606554,116132.42032823496
BTCUSDT,333,-0.8254408990072819,-0.8420543074607849,106725.2554027775,101407.89480292688,106628.6029330078,116151.66297001255
BTCUSDT,334,-0.040633441464376856,-0.8498581051826477,111291.0601428158,101369.65225434693,106583.20247677318,116141.70771515073
BTCUSDT,329,0.6270793451683973,-0.5815162658691406,116221.03427992789,105859.8160693954,110177.77783390059,118393.27493858662
BTCUSDT,330,-1.2161538464523747,-0.5800224542617798,107004.44374702737,105873.7618145168,110185.24723602558,118367.15378784676
BTCUSDT,331,2.327491729963981,-0.5822575092315674,124723.487881012,105856.94120494333,110174.07144634867,118400.01415017589
BTCUSDT,332,1.5878645589949278,-0.8510353565216064,121025.1816586532,104344.31008306253,108830.1202989583,117043.3812323833
BTCUSDT,333,-0.8254408990072819,-0.8420546054840088,108958.09848201924,104387.93315585123,108875.02612279422,117059.91304414895
BTCUSDT,334,-0.040633441464376856,-0.8498585224151611,112882.31654418391,104355.0644484874,108836.00474056535,117051.35640321813
BTCUSDT,335,-1.3956358890401417,-0.8425552845001221,106106.99219176023,104377.75340567243,108872.52261238603,117059.80396262402
BTCUSDT,330,-1.2161538464523747,-0.579891562461853,107583.21022260738,106495.69816252799,110643.08921619464,118511.77954346205
BTCUSDT,331,2.327491729963981,-0.5822621583938599,124625.1234914385,106479.55646785143,110631.68867136094,118543.34918051111
BTCUSDT,332,1.5878645589949278,-0.8510345220565796,121068.14753909947,105024.74237805809,109339.1228061169,117238.54862617444
BTCUSDT,333,-0.8254408990072819,-0.8420551419258118,109462.20630722775,105066.69152150433,109382.30596710084,117254.42660514027
BTCUSDT,334,-0.040633441464376856,-0.8498594164848328,113236.4609090956,105035.07544755837,109344.77406180926,117246.19294201536
BTCUSDT,335,-1.3956358890401417,-0.8425564169883728,106720.0546566417,105056.89620273591,109379.89526152778,117254.31481261071
BTCUSDT,336,-1.7283788366208788,-0.848085343837738,105119.84483565258,105047.67303240077,109353.30583834628,117247.24063867048
BTCUSDT,331,2.327491729963981,-0.5821295380592346,123376.822142335,108754.03945293589,112100.61471438655,118475.84865502694
BTCUSDT,332,1.5878645589949278,-0.8510364294052124,120510.40461547248,107581.71947156762,111058.46881074387,117424.3318883597
BTCUSDT,333,-0.8254408990072819,-0.8420547246932983,111157.66402668739,107615.50881659635,111093.27731537682,117437.12012381962
BTCUSDT,334,-0.040633441464376856,-0.8498603105545044,114199.17729149351,107590.02797851335,111063.02684730562,117430.46994570406
BTCUSDT,335,-1.3956358890401417,-0.8425576686859131,108947.87918195542,107607.60963667207,111091.32816108389,117437.00809018225
BTCUSDT,336,-1.7283788366208788,-0.8480867743492126,107658.3372960946,107600.17522309498,111069.90016870714,117431.30823450816
BTCUSDT,337,-3.3665123491082487,-0.22495406866073608,101309.76764392434,106284.87260078844,113484.84458834835,124240.97258528124
BTCUSDT,332,1.5878645589949278,-0.8509577512741089,120833.94385721385,108888.34670638118,112101.30843182022,117982.79603918635
BTCUSDT,333,-0.8254408990072819,-0.8420705795288086,112192.6760427821,108919.96689952175,112133.13052500339,117994.59459960372
BTCUSDT,334,-0.040633441464376856,-0.8498721122741699,115002.81820729931,108896.41032943552,112105.19575462768,117988.4537223039
BTCUSDT,335,-1.3956358890401417,-0.8425725102424622,110150.99184612015,108912.64898339009,112131.3332731443,117994.46078213362
BTCUSDT,336,-1.7283788366208788,-0.8481012582778931,108959.54676241787,108905.77840604201,112111.53661114517,117989.20028292651
BTCUSDT,337,-3.3665123491082487,-0.22496387362480164,103093.91945433669,107690.5629653008,114342.7904327934,124280.6851969841
BTCUSDT,338,-2.9618484313398774,-0.23267754912376404,104542.89031572464,107696.07530599867,114315.17025085616,124290.4976244243
BTCUSDT,333,-0.8254408990072819,-0.8419780135154724,112456.01150583007,109093.67316276355,112395.18250970218,118416.20546753237
BTCUSDT,334,-0.040633441464376856,-0.8498729467391968,115342.79382643255,109069.87185311697,112366.1423248345,118409.8854919256
BTCUSDT,335,-1.3956358890401417,-0.8425701260566711,110358.64507448091,109086.53627780025,112393.00452324281,118416.05440726758
BTCUSDT,336,-1.7283788366208788,-0.8481005430221558,109134.70606988919,109079.47481334652,112372.66181399855,118410.63005021188
BTCUSDT,337,-3.3665123491082487,-0.22496390342712402,103109.10728488216,107831.11453902016,114664.76520472637,124873.69327234186
BTCUSDT,338,-2.9618484313398774,-0.2326776087284088,104597.59548969209,107836.77633913358,114636.39163631023,124883.77331114354
BTCUSDT,339,-1.5892716493170531,-0.23240378499031067,109646.38847697878,107830.57870260917,114637.398850906,124893.1807042378
BTCUSDT,334,-0.040633441464376856,-0.8497808575630188,114307.95224778548,107130.01352928548,110902.44907968838,117817.35893468697
BTCUSDT,335,-1.3956358890401417,-0.8425710797309875,108605.07903063114,107149.55562782126,110932.79326760737,117824.41817284867
BTCUSDT,336,-1.7283788366208788,-0.8480981588363647,107204.64551307539,107141.457823704,110909.5311462322,117818.20810032939
BTCUSDT,337,-3.3665123491082487,-0.2249634563922882,100310.14303361413,105713.07642203887,113532.15239064812,125213.23294834845
BTCUSDT,338,-2.9618484313398774,-0.2326773703098297,102013.27428826151,105719.55265844194,113499.68641749915,125224.76153217786
BTCUSDT,339,-1.5892716493170531,-0.2324036955833435,107790.11357197666,105712.4603065831,113500.83824735059,125235.52348374634
BTCUSDT,340,-1.6626127175657506,-0.0017750263214111328,107481.43899018437,107774.68302643097,114471.49779368198,124956.56266119206
BTCUSDT,335,-1.3956358890401417,-0.8424785733222961,108464.09649767335,107023.28804064664,110767.98377997473,117587.5867769375
BTCUSDT,336,-1.7283788366208788,-0.8480989933013916,107078.22990344437,107015.72727921448,110744.57486221645,117581.427646023
BTCUSDT,337,-3.3665123491082487,-0.22496256232261658,100255.44213784528,105602.18662592823,113339.92352285491,124899.51385861596
BTCUSDT,338,-2.9618484313398774,-0.23267701268196106,101940.8578907635,105608.58755424341,113307.79301753966,124910.91060920132
BTCUSDT,339,-1.5892716493170531,-0.2324034571647644,107657.60808502026,105601.56698905751,113308.93236987066,124921.55565287781
BTCUSDT,340,-1.6626127175657506,-0.0017750263214111328,107352.14425112103,107642.33804375486,114269.49439022032,124645.4984899012
BTCUSDT,341,-1.198500279756185,0.012517094612121582,109285.16169958367,107630.0624812615,114329.0207396335,124826.24577068439
BTCUSDT,336,-1.7283788366208788,-0.848007321357727,106941.83012631483,106879.10834190431,110595.81281412276,117408.5533639095
BTCUSDT,337,-3.3665123491082487,-0.22496527433395386,100142.75565471787,105470.94667428789,113181.74933538877,124701.1902263271
BTCUSDT,338,-2.9618484313398774,-0.23267626762390137,101822.3135734724,105477.30457483794,113149.74485148762,124712.54736634468
BTCUSDT,339,-1.5892716493170531,-0.23240333795547485,107519.19461999215,105470.30148344608,113150.87764629768,124723.14452696577
BTCUSDT,340,-1.6626127175657506,-0.0017751455307006836,107214.79245676906,107503.97765131092,114108.10014592463,124448.04089144545
BTCUSDT,341,-1.198500279756185,0.012517154216766357,109141.09150614889,107491.74376422918,114167.42034761312,124628.16293530879
BTCUSDT,342,-1.5390454313264157,-0.0017752349376678467,107727.65857848017,107503.97963042394,114108.09977484094,124448.03792277593
BTCUSDT,337,-3.3665123491082487,-0.22490087151527405,99618.07482118258,105076.02110035972,112975.48090561302,124775.67446682822
BTCUSDT,338,-2.9618484313398774,-0.23267802596092224,101338.61229562869,105082.80985400127,112942.41424194287,124787.36649079442
BTCUSDT,339,-1.5892716493170531,-0.2324024736881256,107174.4916175322,105075.61562007653,112943.58582653615,124798.21815687369
BTCUSDT,340,-1.6626127175657506,-0.001775205135345459,106862.6623419356,107158.90438353323,113924.15968239777,124516.38807233167
BTCUSDT,341,-1.198500279756185,0.01251712441444397,108835.96118708978,107146.37200168008,113984.92736517798,124700.90086150318
BTCUSDT,342,-1.5390454313264157,-0.001775205135345459,107388.04189087794,107158.90641093465,113924.15968239777,124516.38199012743
BTCUSDT,343,-1.2762304144149967,0.00708162784576416,108505.47061527958,107152.87235747022,113961.81688972416,124640.87964258183
BTCUSDT,338,-2.9618484313398774,-0.23262399435043335,96701.16416374016,101286.43265456035,110912.76958718171,125419.04662511378
BTCUSDT,339,-1.5892716493170531,-0.23240551352500916,103848.4399154562,101277.95450452363,110913.90725957004,125432.46218951512
BTCUSDT,340,-1.6626127175657506,-0.0017760992050170898,103466.5386290842,103829.35623886496,112114.8397262933,125087.28639669629
BTCUSDT,341,-1.198500279756185,0.012517005205154419,105883.26286358386,103814.00270518445,112189.26671639364,125313.25783571869
BTCUSDT,342,-1.5390454313264157,-0.001775115728378296,104109.97765574629,103829.35127289627,112114.8448474485,125087.27522326676
BTCUSDT,343,-1.2762304144149967,0.00708162784576416,105478.50685000348,103821.96191149364,112160.96364343553,125239.74784277326
BTCUSDT,344,-1.2281365990683741,0.012517154216766357,105728.94075267218,103814.0051881688,112189.26749232624,125313.25286975
BTCUSDT,339,-1.5892716493170531,-0.23235246539115906,103138.22779559059,100425.47811984725,110594.18075852045,125914.1119203495
BTCUSDT,340,-1.6626127175657506,-0.0017826557159423828,102735.23581081282,103118.11641405677,111861.10783566316,125549.98365828145
BTCUSDT,341,-1.198500279756185,0.012516200542449951,105285.42490594157,103101.8953226302,111939.67670030093,125788.45937931501
BTCUSDT,342,-1.5390454313264157,-0.001775205135345459,103414.20909446248,103118.08628280957,111861.14877485772,125549.99020855258
BTCUSDT,343,-1.2762304144149967,0.00708162784576416,104858.31602968447,103110.28884005631,111909.81499675947,125710.88189821279
BTCUSDT,344,-1.2281365990683741,0.012517154216766357,105122.5802756912,103101.89270252174,111939.68194051784,125788.44496871853
BTCUSDT,345,-0.6085011579176258,0.015474975109100342,108527.33183209384,103096.82279266704,111955.93447324584,125825.41076881414
BTCUSDT,340,-1.6626127175657506,-0.0016913414001464844,90524.97749243984,91239.19508826743,107575.61363445665,133150.5649451741
BTCUSDT,341,-1.198500279756185,0.012510180473327637,95289.44883926793,91210.04476541885,107721.40318572758,133594.87362757104
BTCUSDT,342,-1.5390454313264157,-0.0017762184143066406,91793.49078088178,91240.2622201534,107574.74230658644,133149.37543577823
BTCUSDT,343,-1.2762304144149967,0.007081568241119385,94491.48918726016,91225.6846111789,107665.67430340013,133449.9590754956
BTCUSDT,344,-1.2281365990683741,0.012517213821411133,94985.20921394182,91209.9933668647,107721.4753884584,133594.87118002085
BTCUSDT,345,-0.6085011579176258,0.015475153923034668,101346.24387781628,91200.52624270196,107751.84091997989,133663.92880883467
BTCUSDT,346,-0.5542620744220701,-0.6833505034446716,101903.04981133626,90709.42040053464,100577.85774325038,121622.82624345958
BTCUSDT,341,-1.198500279756185,0.012600630521774292,94253.4191678166,90036.79772725434,107100.97184261229,133837.64094022644
BTCUSDT,342,-1.5390454313264157,-0.001782149076461792,90640.86158833242,90069.22437635835,106948.39701013535,133376.05754256397
BTCUSDT,343,-1.2762304144149967,0.0070806145668029785,93428.84543413916,90054.13021507197,107042.4146281429,133686.69932736256
BTCUSDT,344,-1.2281365990683741,0.012517213821411133,93939.0323399155,90037.90803838114,107100.08694487768,133836.43452016384
BTCUSDT,345,-0.6085011579176258,0.015474975109100342,100512.22446766926,90028.11757284166,107131.46335093978,133907.79034663382
BTCUSDT,346,-0.5542620744220701,-0.6833505034446716,101087.6013634573,89520.63583537612,99718.21060708023,121465.08491040996
BTCUSDT,347,-0.15527856500619044,-0.6833500266075134,105320.08241445321,89520.59536845578,99718.21566544527,121465.08491040996
BTCUSDT,342,-1.5390454313264157,-0.0016914606094360352,88888.25769772695,88287.26000821026,106000.24778979077,133730.24626487074
BTCUSDT,343,-1.2762304144149967,0.007074624300003052,91813.60088550067,88272.6641568801,106097.82138765682,134054.87126740938
BTCUSDT,344,-1.2281365990683741,0.012516260147094727,92348.92385430084,88255.60824115301,106158.39118516195,134212.0181642034
BTCUSDT,345,-0.6085011579176258,0.015474915504455566,99245.96626068832,88245.32745423427,106191.32340644953,134286.87895878023
BTCUSDT,346,-0.5542620744220701,-0.6833504438400269,99849.6910222315,87712.84160600719,98412.83331700793,121231.14205410673
BTCUSDT,347,-0.15527856500619044,-0.6833499670028687,104290.6993977049,87712.79914534876,98412.83862459024,121231.13674652444
BTCUSDT,348,-1.359646062402616,-0.6833503246307373,90885.11742035468,87712.79649155762,98412.83464390351,121231.1340927333
BTCUSDT,343,-1.2762304144149967,0.007165789604187012,88569.9691341893,84872.58052498619,103481.31722845556,132663.9912492781
BTCUSDT,344,-1.2281365990683741,0.012510240077972412,89128.75497099402,84856.0817787551,103543.41259786495,132826.66013358426
BTCUSDT,345,-0.6085011579176258,0.015474021434783936,96328.09039493215,84845.31438006468,103577.84777489628,132904.84358113728
BTCUSDT,346,-0.5542620744220701,-0.683350145816803,96958.27603190331,84289.47893261735,95458.44522255835,119276.87503911185
BTCUSDT,347,-0.15527856500619044,-0.6833499073982239,101593.93100278496,84289.43184082993,95458.44799266348,119276.86257363872
BTCUSDT,348,-1.359646062402616,-0.6833503246307373,87600.79082451621,84289.42907072479,95458.4431449795,119276.85426332329
BTCUSDT,349,-2.9605122209165913,-0.6831365823745728,69000.86629055216,84300.70339865636,95460.9265442401,119264.38602007512
BTCUSDT,344,-1.2281365990683741,0.012600719928741455,88699.43424230171,84397.12814834103,103210.81357693685,132688.67527166958
BTCUSDT,345,-0.6085011579176258,0.015468180179595947,95946.54835586002,84387.61661215348,103244.35073487514,132766.02795822552
BTCUSDT,346,-0.5542620744220701,-0.6833486557006836,96580.91624607804,83828.04772376613,95071.14917510826,119047.69351838576
BTCUSDT,347,-0.15527856500619044,-0.6833494901657104,101247.33593439506,83827.99753096302,95071.13941539655,119047.63774860454
BTCUSDT,348,-1.359646062402616,-0.6833502054214478,87161.32969807794,83827.99474247397,95071.13104992936,119047.61544069204
BTCUSDT,349,-2.9605122209165913,-0.6831365823745728,68437.96598967123,83839.34110446373,95073.62953612814,119035.06166293881
BTCUSDT,350,-1.9149716763482263,-0.6799347400665283,80666.3685851829,83935.47705333547,95111.07754997468,118804.43409815937
BTCUSDT,345,-0.6085011579176258,0.015558123588562012,95624.37999692348,84038.04837458277,102939.71705978827,132528.33236443484
BTCUSDT,346,-0.5542620744220701,-0.6833489537239075,96260.18045612541,83478.49025547219,94747.00044186915,118777.74390691522
BTCUSDT,347,-0.15527856500619044,-0.6833478212356567,100937.13814331415,83478.46649978949,94747.0137171036,118777.69919033602
BTCUSDT,348,-1.359646062402616,-0.683349609375,86819.32201252975,83478.45951282399,94746.9927562071,118777.6321154672
BTCUSDT,349,-2.9605122209165913,-0.6831364631652832,68053.67604088636,83489.83289526646,94749.49129507024,118765.03601406206
BTCUSDT,350,-1.9149716763482263,-0.6799347400665283,80309.69357490801,83586.18175213171,94787.02247895524,118533.8862343935
BTCUSDT,351,-1.7036720158194667,-0.6822168827056885,82786.5868506656,83529.97580685573,94760.27078544514,118665.26354410133
BTCUSDT,346,-0.5542620744220701,-0.6832665801048279,92129.23713829958,80076.40629998593,90703.34427571169,113362.590106927
BTCUSDT,347,-0.15527856500619044,-0.683348536491394,96539.22061411248,80077.12835896733,90702.43840792024,113361.43323140572
BTCUSDT,348,-1.359646062402616,-0.6833478212356567,83227.29007818596,80077.14153522611,90702.44631367551,113361.39106737761
BTCUSDT,349,-2.9605122209165913,-0.6831359267234802,65532.841211438594,80087.86042174732,90704.78839367446,113349.46787080349
BTCUSDT,350,-1.9149716763482263,-0.679934561252594,77089.24997527257,80178.7080908149,90740.17323664032,113131.49960986042
BTCUSDT,351,-1.7036720158194667,-0.6822168231010437,79424.75505101096,80125.70922510588,90714.94728919734,113255.3748891973
BTCUSDT,352,-1.376896773579173,-0.6807106733322144,83036.61715702686,80189.27940323773,90731.59483335866,113116.09788096718
BTCUSDT,347,-0.15527856500619044,-0.6832668781280518,94734.2829937704,80844.87033755641,89810.64406693261,108927.88587918808
BTCUSDT,348,-1.359646062402616,-0.6833487153053284,83503.21869740858,80845.47952724711,89809.88091232922,108926.90984169093
BTCUSDT,349,-2.9605122209165913,-0.6831341981887817,68574.69331374642,80854.53733308619,89811.88134453434,108916.87377503468
BTCUSDT,350,-1.9149716763482263,-0.679934024810791,78324.65178230789,80931.17962147217,89841.72385775844,108732.94073152446
BTCUSDT,351,-1.7036720158194667,-0.6822166442871094,80295.0803087569,80886.46643216693,89820.43779170461,108837.44121999969
BTCUSDT,352,-1.376896773579173,-0.6807106137275696,83342.35098319285,80940.0984698088,89834.48194856125,108719.932085976
BTCUSDT,353,-1.0813505369226242,-0.6784324049949646,86098.40243228381,80984.42591308728,89855.72688319435,108616.24644429509
BTCUSDT,348,-1.359646062402616,-0.6832671165466309,83556.30695973698,81161.69271750585,89237.97213416816,106458.5948648757
BTCUSDT,349,-2.9605122209165913,-0.6831350326538086,70108.83707989994,81170.3926416953,89239.0816548866,106448.70531016865
BTCUSDT,350,-1.9149716763482263,-0.6799323558807373,78891.5044543435,81239.44528583156,89265.98452819158,106283.04024823799
BTCUSDT,351,-1.7036720158194667,-0.682216227054596,80666.44722858386,81199.16307469334,89246.79973335002,106377.14022245603
BTCUSDT,352,-1.376896773579173,-0.68071049451828,83411.39889373859,81247.47429045298,89259.44806926587,106271.2781269754
BTCUSDT,353,-1.0813505369226242,-0.678432285785675,85894.0231246283,81287.40501984737,89278.58529891417,106177.87610938259
ETHUSDT,319,0.4591353495599286,-0.6109060049057007,3565.4308016352657,2033.6805104168066,2743.4073636424305,4072.4702075155064
ETHUSDT,320,0.4259569747935107,-0.5806268453598022,3539.9426262683187,2103.0047361450515,2766.668314002506,4023.926252527834
ETHUSDT,321,0.34644434490036174,-0.5800211429595947,3478.859710999816,2104.723665429535,2767.1336245882526,4024.1722324989646
ETHUSDT,322,0.15602180928996978,-0.5816478729248047,3332.5739747144753,2102.590068494538,2765.883943766939,4028.1625844282544
ETHUSDT,323,-0.5946713583304364,-0.8425525426864624,2755.879087222742,1874.886244377596,2565.452668161738,3823.3273881857867
ETHUSDT,324,-0.8319630532323288,-0.841549277305603,2573.587688823648,1878.4328982576944,2566.223393194141,3823.0180358617067
ETHUSDT,325,-2.7588883102452106,-0.8507162928581238,1093.2918872506484,1870.2269111790924,2559.181140472628,3821.2836298031652
ETHUSDT,320,0.4259569747935107,-0.580496072769165,4139.527863147949,2745.206314436261,3389.288145780014,4609.168384162189
ETHUSDT,321,0.34644434490036174,-0.5800256729125977,4080.2568091005887,2746.880298907076,3389.6387956750045,4609.401647206881
ETHUSDT,322,0.15602180928996978,-0.5816476345062256,3938.3102477157377,2744.81052258824,3388.429737775551,4613.2711478853835
ETHUSDT,323,-0.5946713583304364,-0.8425527215003967,3378.721470803121,2523.8612785177374,3193.943408581765,4414.508684987378
ETHUSDT,324,-0.8319630532323288,-0.841549813747406,3201.8372589185446,2527.3022860909077,3194.691005532236,4414.207797875255
ETHUSDT,325,-2.7588883102452106,-0.8507168889045715,1765.4504709691028,2519.33944107311,3187.857597961304,4412.524705037932
ETHUSDT,326,-1.772516767048257,-0.22326594591140747,2500.7208440679256,2273.753709550293,3655.577994132215,5723.726936675035
ETHUSDT,321,0.34644434490036174,-0.5798947811126709,4094.6804795300927,2786.9784433009795,3417.4591467680802,4613.6468652620515
ETHUSDT,322,0.15602180928996978,-0.5816524624824524,3955.467744439189,2784.9537589739625,3416.174153738651,4617.436699225751
ETHUSDT,323,-0.5946713583304364,-0.8425518274307251,3406.65639318026,2568.2619885955064,3225.437726133038,4422.500524487872
ETHUSDT,324,-0.8319630532323288,-0.8415502905845642,3233.1788908680496,2571.6354166658475,3226.1699224731474,4422.20216417479
ETHUSDT,325,-2.7588883102452106,-0.8507176637649536,1824.456259984932,2563.8258452753525,3219.4679053513287,4420.550789735633
ETHUSDT,326,-1.772516767048257,-0.22326648235321045,2545.565659689772,2322.9698090845686,3678.180393452346,5706.497421777983
ETHUSDT,327,-0.7679526401872014,-0.22326532006263733,3279.9751623584307,2322.9698090845686,3678.1812431713624,5706.498816188677
ETHUSDT,322,0.15602180928996978,-0.5815183520317078,4015.3436238223103,2949.0538518821845,3524.1613682950956,4618.379172731893
ETHUSDT,323,-0.5946713583304364,-0.8425536751747131,3515.401813711389,2751.6667011596637,3350.3187417947397,4440.795519514482
ETHUSDT,324,-0.8319630532323288,-0.8415496945381165,3357.3718161165157,2754.7373567210207,3350.9873663652384,4440.522853747755
ETHUSDT,325,-2.7588883102452106,-0.8507185578346252,2074.0905202534386,2747.622324349534,3344.8811457269894,4439.015669805861
ETHUSDT,326,-1.772516767048257,-0.22326698899269104,2730.987899925798,2528.213354137948,3762.7473081141147,5610.450839514136
ETHUSDT,327,-0.7679526401872014,-0.22326549887657166,3400.0010595198746,2528.2135129184207,3762.748300492069,5610.451792196972
ETHUSDT,328,-0.9824618784968041,-0.0017843842506408691,3257.1435759144747,2850.5767736954376,3910.24886946949,5569.358929523317
ETHUSDT,323,-0.5946713583304364,-0.842476487159729,3949.2010298733335,3503.621173980587,3852.9271942604937,4489.061628887492
ETHUSDT,324,-0.8319630532323288,-0.8415654301643372,3857.0117288075985,3505.4541717138263,3853.281145576282,4488.90108296192
ETHUSDT,325,-2.7588883102452106,-0.8507304787635803,3108.389267649084,3501.3022544671385,3849.720467125454,4488.022074915076
ETHUSDT,326,-1.772516767048257,-0.22327667474746704,3491.6007542375796,3373.3092904583773,4093.490177090221,5171.377158054943
ETHUSDT,327,-0.7679526401872014,-0.22326698899269104,3881.880172863338,3373.309105204172,4093.493940066264,5171.381141020354
ETHUSDT,328,-0.9824618784968041,-0.0017846226692199707,3798.541998048237,3561.3648171107866,4179.541218535862,5147.4093394960455
ETHUSDT,329,-0.5337416455137709,-0.002762019634246826,3972.8726027070425,3560.5104247164563,4179.161493728776,5147.129883527518
ETHUSDT,324,-0.8319630532323288,-0.8414727449417114,3899.7172912838323,3572.1348507594244,3896.2750588015183,4488.451967363052
ETHUSDT,325,-2.7588883102452106,-0.850731372833252,3202.226256518103,3568.3054338761694,3892.923704136838,4487.632154736399
ETHUSDT,326,-1.772516767048257,-0.22327560186386108,3559.264136334172,3449.0531823879455,4120.044488075082,5124.3122156808995
ETHUSDT,327,-0.7679526401872014,-0.22326669096946716,3922.887203592646,3449.0522330812564,4120.04771356031,5124.314632097927
ETHUSDT,328,-0.9824618784968041,-0.0017847418785095215,3845.241083147211,3624.2632659723504,4200.2177530006875,5101.9798621202335
ETHUSDT,329,-0.5337416455137709,-0.0027621984481811523,4007.6647882102884,3623.4672291632287,4199.863942082627,5101.719320584378
ETHUSDT,330,0.1894124331309697,-0.6831341981887817,4269.42558291329,3605.899014372157,3953.5890186533948,4695.170705017172
ETHUSDT,325,-2.7588883102452106,-0.8506388068199158,3321.144360124964,3653.1697790980256,3947.6881096694474,4487.10483542793
ETHUSDT,326,-1.772516767048257,-0.2232782244682312,3645.0039623464154,3545.036795852146,4153.672102264482,5064.6189450299335
ETHUSDT,327,-0.7679526401872014,-0.22326603531837463,3974.8368136437066,3545.0344474222857,4153.67610438037,5064.621058616807
ETHUSDT,328,-0.9824618784968041,-0.0017848610877990723,3904.40607476958,3703.9630291812455,4226.395968898533,5044.360684523341
ETHUSDT,329,-0.5337416455137709,-0.0027621984481811523,4051.736314743448,3703.2408869991073,4226.07507552833,5044.124275917373
ETHUSDT,330,0.1894124331309697,-0.6831341981887817,4289.172597115943,3687.3051464939567,4002.6856167403776,4675.354718641305
ETHUSDT,331,-1.9953138487310536,-0.6832767724990845,3571.8520402866734,3687.072651937756,4002.6388047051564,4675.667059812767
ETHUSDT,326,-1.772516767048257,-0.22321391105651855,3719.4973993979056,3628.3566667575205,4183.182377083585,5013.515111391989
ETHUSDT,327,-0.7679526401872014,-0.2232677936553955,4020.1495881846067,3628.374220184098,4183.16625076486,5013.520819823396
ETHUSDT,328,-0.9824618784968041,-0.001785576343536377,3955.9499315491767,3773.2406517748454,4249.452823848265,4995.051832203857
ETHUSDT,329,-0.5337416455137709,-0.002762317657470703,4090.2457087841995,3772.582184212022,4249.1604986436705,4994.836124852056
ETHUSDT,330,0.1894124331309697,-0.6831340789794922,4306.6757511886935,3758.0562242316305,4045.5346137842353,4658.692001800409
ETHUSDT,331,-1.9953138487310536,-0.6832767724990845,3652.8173055421485,3757.8442273602445,4045.49190758177,4658.976638461452
ETHUSDT,332,-2.0603489962088344,-0.6820064187049866,3633.353182830184,3759.3594591218994,4045.8721069523394,4655.846063322338
ETHUSDT,327,-0.7679526401872014,-0.22321394085884094,3554.535144954528,2866.5079343643347,3840.8369210680326,5298.983673837395
ETHUSDT,328,-0.9824618784968041,-0.0017921924591064453,3441.7941629084285,3120.940877059821,3957.210954921627,5266.559316855261
ETHUSDT,329,-0.5337416455137709,-0.002763032913208008,3677.6309041561226,3119.7827882311085,3956.7007041414367,5266.182267592591
ETHUSDT,330,0.1894124331309697,-0.6831337809562683,4057.7035837270546,3094.2731312864153,3599.113931216048,4675.879693555275
ETHUSDT,331,-1.9953138487310536,-0.6832766532897949,2909.4631235024476,3093.9009063496387,3599.0388408967874,4676.379105265601
ETHUSDT,332,-2.0603489962088344,-0.6820063591003418,2875.2821882106286,3096.561678713725,3599.706477477547,4670.881378661949
ETHUSDT,333,-1.354474703839329,-0.6803006529808044,3246.2730208197763,3097.8008412788777,3600.6029562703216,4665.512342517841
ETHUSDT,328,-0.9824618784968041,-0.001700758934020996,3192.358884171753,2834.6155646452544,3766.987524126667,5226.634840372242
ETHUSDT,329,-0.5337416455137709,-0.0027690231800079346,3455.2643889436376,2833.390067647041,3766.361627342486,5226.144809200496
ETHUSDT,330,0.1894124331309697,-0.6831322908401489,3878.9608797616293,2804.9506587941746,3367.7363032216504,4568.092593010928
ETHUSDT,331,-1.9953138487310536,-0.6832761764526367,2598.9281919040786,2804.5355012564237,3367.652000538598,4568.647160785111
ETHUSDT,332,-2.0603489962088344,-0.6820062398910522,2560.824052579016,2807.5015308658,3368.3960572764277,4562.517859829041
ETHUSDT,333,-1.354474703839329,-0.6803006529808044,2974.3963042851674,2808.882921475093,3369.395361864478,4556.5324391771055
LTCUSDT,319,-1.927416689768253,-0.680212676525116,62.227581491256146,65.0918641098997,74.52974466327296,94.51581294512778
LTCUSDT,320,-1.651803488395294,-0.6799276471138,64.94617326906426,65.10728663519211,74.53255613460372,94.51491929468386
LTCUSDT,321,-1.4677487739014912,-0.6820002198219299,66.76165101467693,65.0692382916871,74.5121127048436,94.61555844493749
LTCUSDT,322,-1.2693546287789736,-0.6807029247283936,68.71856994674759,65.11675580232995,74.5249089561012,94.50106300937998
LTCUSDT,323,-1.1945498740402791,-0.6784268021583557,69.4564286202818,65.16361718541002,74.54736015972048,94.39139798964294
LTCUSDT,324,-1.0577651711444058,-0.6787921190261841,70.80564472012836,65.14890487704935,74.54375674947661,94.3912404249594
LTCUSDT,325,-0.9692436559801508,-0.6778856515884399,71.67880268965176,65.18316931643794,74.55269795733903,94.39371560151784
LTCUSDT,320,-1.651803488395294,-0.6798456907272339,56.85595840060734,57.026934308406325,67.06863810960182,88.35485345896322
LTCUSDT,321,-1.4677487739014912,-0.6820012331008911,58.7898817176129,56.98704492768982,67.04598911813929,88.46107149214666
LTCUSDT,322,-1.2693546287789736,-0.6807012557983398,60.87447414038803,57.03767635855469,67.05964840648676,88.33913118593824
LTCUSDT,323,-1.1945498740402791,-0.6784262657165527,61.66047225953382,57.08759131872402,67.08355247423762,88.22226880315584
LTCUSDT,324,-1.0577651711444058,-0.6787919402122498,63.09771404422558,57.071919148544886,67.07971021224716,88.22208592776852
LTCUSDT,325,-0.9692436559801508,-0.6778856515884399,64.02783866887125,57.10841656659794,67.08923288438487,88.22472259003092
ONTUSDT,319,-1.414320682280168,-0.23235630989074707,0.08767050037104092,0.07114218131519262,0.11688749256344685,0.1858063359077853
ONTUSDT,320,-1.5403091767307981,-0.2232671082019806,0.08455618919154602,0.07129010156532044,0.11711216865435055,0.18569383542351542
ONTUSDT,321,-1.2033558484807876,-0.231478750705719,0.09288534275205809,0.0712291630663236,0.1169091849599829,0.18568018024922378
ONTUSDT,322,-1.232190824694359,-0.0017840862274169922,0.09217257061223715,0.0832550045546232,0.12258701026120847,0.18416843988982545
ONTUSDT,323,-1.3358538875544994,-0.0027614831924438477,0.08961012205712304,0.08320064317021829,0.12256284997333249,0.18415063571134677
ONTUSDT,324,-1.4584898307043141,0.016485393047332764,0.08657868263541435,0.08314942889978477,0.12303861374926506,0.18545836764895837
ONTUSDT,325,-1.510486231960115,-0.0027614831924438477,0.0852933829385607,0.08320064906369015,0.12256284997333249,0.18415062981787492
ONTUSDT,320,-1.5403091767307981,-0.22321316599845886,0.08111368694119805,0.06753940226558783,0.11442371447182242,0.1845891208578483
ONTUSDT,321,-1.2033558484807876,-0.23148205876350403,0.08963540787048897,0.06747871306290351,0.11421458997109732,0.18457571074490542
ONTUSDT,322,-1.232190824694359,-0.0017847716808319092,0.08890615666655821,0.07978245249475548,0.12002375110596346,0.18302897722337771
ONTUSDT,323,-1.3358538875544994,-0.002761632204055786,0.08628446511966775,0.07972680715874234,0.11999904580683794,0.18301074935852776
ONTUSDT,324,-1.4584898307043141,0.016485482454299927,0.08318293978721075,0.07967439978615111,0.12048581511896914,0.1843486975514765
ONTUSDT,325,-1.510486231960115,-0.002761632204055786,0.08186792437207704,0.07972681318846939,0.11999904580683794,0.1830107071504385
ONTUSDT,326,-0.7977505036284761,0.01250678300857544,0.09989337319230829,0.07970793411309883,0.12038519178779719,0.1841262368019648
ONTUSDT,321,-1.2033558484807876,-0.23142695426940918,0.08879714789749628,0.06644286891238271,0.11359528980273204,0.18457733687689973
ONTUSDT,322,-1.232190824694359,-0.0017913877964019775,0.08806144198707735,0.07885710122786374,0.1194542938901734,0.18301729014823098
ONTUSDT,323,-1.3358538875544994,-0.002762526273727417,0.0854165454741252,0.07880086907903583,0.11942951591524768,0.18299900435859695
ONTUSDT,324,-1.4584898307043141,0.016485512256622314,0.08228756809828627,0.07874798263356741,0.1199206172640355,0.1843487766726687
ONTUSDT,325,-1.510486231960115,-0.0027616024017333984,0.08096091329402803,0.07880085082974476,0.11942953948724862,0.18299893136143275
ONTUSDT,326,-0.7977505036284761,0.012506842613220215,0.09914590793444421,0.0787818046529836,0.11981910406178505,0.1841243347251184
ONTUSDT,327,-1.963701736075749,-0.6833469867706299,0.06939741060195952,0.07753778698055762,0.10206484023740947,0.15436977812954655
ONTUSDT,322,-1.232190824694359,-0.0017003118991851807,0.07307828709538684,0.06404630218999985,0.10387633164762675,0.16623102655099453
ONTUSDT,323,-1.3358538875544994,-0.002768397331237793,0.07048369608051105,0.06399395021165091,0.10384959845270984,0.16621009888792948
ONTUSDT,324,-1.4584898307043141,0.016484498977661133,0.06741423134140123,0.06394199208153757,0.1043314807200783,0.16753429423222715
ONTUSDT,325,-1.510486231960115,-0.002761662006378174,0.06611280929403038,0.06399384279849574,0.10384976703168948,0.16621009292053196
ONTUSDT,326,-0.7977505036284761,0.012506723403930664,0.08395192831760379,0.0639751439584004,0.10423192066003341,0.16731407936194204
ONTUSDT,327,-1.963701736075749,-0.6833469271659851,0.05476924252746351,0.06275479028186051,0.08681534449854096,0.13812545253860395
ONTUSDT,328,-1.5297116298988789,-0.682144284248352,0.06563161528554708,0.06287100534835383,0.08684544554342716,0.1378832030530158
ONTUSDT,323,-1.3358538875544994,-0.002678006887435913,0.0665395786234324,0.0601326440397812,0.09946829912814757,0.1610081858533347
ONTUSDT,324,-1.4584898307043141,0.01647859811782837,0.06351053740361087,0.060084137916157535,0.09994145687213701,0.16231200360336748
ONTUSDT,325,-1.510486231960115,-0.0027624964714050293,0.06222625452013523,0.06013521744952061,0.09946621228129081,0.16100534155835955
ONTUSDT,326,-0.7977505036284761,0.012506604194641113,0.07983044008356893,0.06011675014301535,0.09984335077853021,0.1620947595331234
ONTUSDT,327,-1.963701736075749,-0.6833469271659851,0.05103207760781359,0.05891245621746984,0.08265614631535903,0.13329053132059587
ONTUSDT,328,-1.5297116298988789,-0.6821442246437073,0.0617513976280343,0.05902714372634839,0.08268585241474226,0.13305146332244733
ONTUSDT,329,-1.71025918205367,-0.6821446418762207,0.057291971104550476,0.05902714372634839,0.08268584210932567,0.13305144860042364
ONTUSDT,324,-1.4584898307043141,0.01656806468963623,0.0611904076156926,0.05800969405209695,0.09498401920188607,0.15283646630244457
ONTUSDT,325,-1.510486231960115,-0.0027684271335601807,0.05999916882201183,0.05805971392274691,0.0945410197127452,0.15162183144837166
ONTUSDT,326,-0.7977505036284761,0.012505710124969482,0.07632796136775077,0.0580425244569609,0.09489095056186019,0.15263240489402394
ONTUSDT,327,-1.963701736075749,-0.6833465695381165,0.04961599080659289,0.0569254549787602,0.07894895822804658,0.12591498809647622
ONTUSDT,328,-1.5297116298988789,-0.6821441054344177,0.05955871449641461,0.05703183084345121,0.07897650670935949,0.12569321831561256
ONTUSDT,329,-1.71025918205367,-0.6821445226669312,0.055422365767724545,0.05703182811236354,0.07897649715055266,0.1256931991979989
ONTUSDT,330,-1.9909679334720871,-0.6820058226585388,0.04899132157352645,0.05704743081621411,0.07897967477105504,0.1256725057467341
ONTUSDT,325,-1.510486231960115,-0.0026780664920806885,0.059519996498051175,0.05759639085579802,0.09373811299358105,0.15028116174021158
ONTUSDT,326,-0.7977505036284761,0.012499749660491943,0.07569478235020763,0.05758190111296103,0.09408255752780682,0.15127950935020712
ONTUSDT,327,-1.963701736075749,-0.6833450794219971,0.04923474849861803,0.056475286231058,0.0782910928244931,0.12481423753805848
ONTUSDT,328,-1.5297116298988789,-0.6821436882019043,0.05908369636292268,0.05658065339013478,0.0783183571314967,0.12459447283125855
ONTUSDT,329,-1.71025918205367,-0.6821444034576416,0.05498636003453259,0.05658064797947652,0.0783183408995219,0.12459443495665068
ONTUSDT,330,-1.9909679334720871,-0.6820058822631836,0.04861597089794865,0.05659609540882663,0.07832148449197458,0.1245739339724799
ONTUSDT,331,-1.5318166617971445,-0.6799330711364746,0.0590359248835188,0.05668367232352402,0.07836852475494129,0.12434227663881077
ONTUSDT,326,-0.7977505036284761,0.012590110301971436,0.06800062746615801,0.05142428653503245,0.08482811214348246,0.1371662829170304
ONTUSDT,327,-1.963701736075749,-0.6833454966545105,0.043788553973568574,0.050413919030201974,0.07037635499205103,0.11294713901082677
ONTUSDT,328,-1.5297116298988789,-0.6821420788764954,0.05280076653734427,0.05051037908928158,0.07040134509358591,0.11274606956980943
ONTUSDT,329,-1.71025918205367,-0.6821438670158386,0.049051526877891695,0.05051037413829564,0.07040130796119136,0.11274594579516091
ONTUSDT,330,-1.9909679334720871,-0.682005763053894,0.043222345750744434,0.0505245092031559,0.07040417581979742,0.11272716670548842
ONTUSDT,331,-1.5318166617971445,-0.6799330711364746,0.05275705357096396,0.05060464091060359,0.07044721721607153,0.11251518529145811
ONTUSDT,332,-1.232016279807637,-0.6784303784370422,0.0589826903556179,0.050723207121907726,0.0704784220427083,0.11225539220619998
ONTUSDT,327,-1.963701736075749,-0.6832630634307861,0.0501583685401321,0.053781016840915644,0.06470022632824828,0.08798252581803716
ONTUSDT,328,-1.5297116298988789,-0.6821429133415222,0.055087165631551555,0.05383453732058262,0.06471294779913744,0.08787141788711261
ONTUSDT,329,-1.71025918205367,-0.6821421980857849,0.05303669895671734,0.05383455085910323,0.06471295592224982,0.08787137185614255
ONTUSDT,330,-1.9909679334720871,-0.6820052266120911,0.049848708129656354,0.05384227593896207,0.06471451149826765,0.08786105279573524
ONTUSDT,331,-1.5318166617971445,-0.6799328923225403,0.05506325892273528,0.05388610283787382,0.06473804686249235,0.08774510348984133
ONTUSDT,332,-1.232016279807637,-0.6784303784370422,0.05846807214249591,0.053950944228473074,0.06475511081386649,0.08760302213147013
